"DESCRIPTION","DURATION IN MS","NAME","PARENT SUITE","START TIME","STATUS","STOP TIME","SUB SUITE","SUITE","TEST CLASS","TEST METHOD"
"","1594","cadastrar, ler, atualizar e remover pessoa física","api","2026-10-06","passed","2026-10-06","","","",""
"","2549","ativação em massa via switch de coluna ""Visualizar"" ativa todos os itens da coluna","e2e","2026-10-06","passed","2026-10-06","Configurações > Grupos de permissão","","",""
"","244","404 - listar com person_id inválido","api","2026-10-06","passed","2026-10-06","","","",""
"","2300","listar imagens do condomínio retorna a imagem adicionada com file_id correto","api","2026-10-06","passed","2026-10-06","","","",""
"","1536","409 - atualizar para nome já existente retorna erro","api","2026-10-06","passed","2026-10-06","","","",""
"","22342","Cenário 10: Deleta entrada parcelada e valida se parcela foi removida da listagem","e2e","2026-10-06","passed","2026-10-06","Financeiro > Movimentações","","",""
"","1602","listar subcondominios de um condomínio retorna 200 com lista vazia","api","2026-10-06","passed","2026-10-06","","","",""
"","14050","Cenário 2: Validar filtros de período na Dashboard (Mensal)","e2e","2026-10-06","passed","2026-10-06","Financeiro > Dashboard","","",""
"","14192","manutenção de seleção em agrupamentos que cruzam o mês via Intervalo Personalizado","e2e","2026-10-06","passed","2026-10-06","Financeiro > Conciliação Bancária","","",""
"","7580","impedimento de importação de arquivos inválidos ou corrompidos","e2e","2026-10-06","passed","2026-10-06","Financeiro > Conciliação Bancária > Importação OFX","","",""
"","21778","Cenário 15: Remover entrada com sucesso e valida","e2e","2026-10-06","passed","2026-10-06","Financeiro > Movimentações","","",""
"","9644","Cenario 03: Alerta de impacto retroativo na edição","e2e","2026-10-06","passed","2026-10-06","Financeiro > Plano de Contas","","",""
"","260","400 - criar etiqueta com cor no formato #RRGGBB","api","2026-10-06","passed","2026-10-06","","","",""
"","12625","impede cadastro de conta com nome duplicado","e2e","2026-10-06","passed","2026-10-06","Configurações > Financeiro > Contas bancárias","","",""
"","916","PATCH emails com array vazio limpa os emails","api","2026-10-06","passed","2026-10-06","","","",""
"","1132","400 - criar condomínio com finishes_percentage acima de 1","api","2026-10-06","passed","2026-10-06","","","",""
"","18742","Cenário 3: Cadastrar entrada única sem documento em anexo","e2e","2026-10-06","passed","2026-10-06","Financeiro > Movimentações","","",""
"","1482","filtrar etiquetas por busca de texto retorna apenas correspondências","api","2026-10-06","passed","2026-10-06","","","",""
"","2452","409 - adicionar membro duplicado na mesma equipe","api","2026-10-06","passed","2026-10-06","","","",""
"","303","ordenar agências por name desc retorna ordem decrescente","api","2026-10-06","passed","2026-10-06","","","",""
"","2415","filtrar condomínios por highlight=false retorna apenas condomínios com highlight false","api","2026-10-06","passed","2026-10-06","","","",""
"","895","atualizar mantendo o mesmo nome da etiqueta não retorna erro","api","2026-10-06","passed","2026-10-06","","","",""
"","19799","Cenário 7: Cadastrar entrada parcelada com documento em anexo e valida parcelas criadas","e2e","2026-10-06","passed","2026-10-06","Financeiro > Movimentações","","",""
"","3201","segunda imagem adicionada ao condomínio recebe order=1","api","2026-10-06","passed","2026-10-06","","","",""
"","652","listar blog posts filtrando por período","api","2026-10-06","passed","2026-10-06","","","",""
"","578","POST phones com description salva e retorna o valor","api","2026-10-06","passed","2026-10-06","","","",""
"","524","criar origem com dados válidos retorna 201 e os dados da origem","api","2026-10-06","passed","2026-10-06","","","",""
"","1090","400 - criar condomínio sem latitude","api","2026-10-06","passed","2026-10-06","","","",""
"","4392","falha ao logar na aplicação","e2e-guest","2026-10-06","passed","2026-10-06","","","",""
"","3057","PATCH parcial com apenas person_id mantém o type atual","api","2026-10-06","passed","2026-10-06","","","",""
"","265","listar agências","api","2026-10-06","passed","2026-10-06","","","",""
"","1033","409 - POST COM AUTO RELACIONAMENTO - impede vínculo da pessoa com ela mesma","api","2026-10-06","passed","2026-10-06","","","",""
"","243","404 - criar registro com person_id inválido","api","2026-10-06","passed","2026-10-06","","","",""
"","21796","Cenário 12: Fechar modal de confirmação de descarte via ícone X","e2e","2026-10-06","passed","2026-10-06","Financeiro > Movimentações","","",""
"","3740","adicionar, listar, buscar, atualizar e remover membro da equipe","api","2026-10-06","passed","2026-10-06","","","",""
"","11466","Cenário 1: Bloqueio de edição em movimentação financeira conciliada","e2e","2026-10-06","passed","2026-10-06","Financeiro > Conciliação Bancária > Movimentações Conciliadas","","",""
"","949","400 - listar relacionamentos com sort inválido","api","2026-10-06","passed","2026-10-06","","","",""
"","244","400 - criar origem sem status ativo retorna erro de validação","api","2026-10-06","passed","2026-10-06","","","",""
"","1005","404 - operação em membro de equipe inexistente","api","2026-10-06","passed","2026-10-06","","","",""
"","2348","400 - criar arquivo com file_id de categoria incorreta","api","2026-10-06","passed","2026-10-06","","","",""
"","2537","201 - recriar vínculo após delete deve ser permitido","api","2026-10-06","passed","2026-10-06","","","",""
"","2331","409 - PUT com endereço igual ao de outro condomínio","api","2026-10-06","passed","2026-10-06","","","",""
"","15304","Cenário 7: Validar filtro por Conta Bancária Específica","e2e","2026-10-06","passed","2026-10-06","Financeiro > Dashboard","","",""
"","3484","filtrar condomínios por name (parcial) retorna resultados que contêm o texto","api","2026-10-06","passed","2026-10-06","","","",""
"","900","PATCH phones com description salva e retorna o valor","api","2026-10-06","passed","2026-10-06","","","",""
"","39263","Cenário 2: Fechar menu de filtro sem aplicar alterações","e2e","2026-10-06","passed","2026-10-06","Financeiro > Movimentações > Ações","","",""
"","1364","409 - atualizar para external_reference já existente","api","2026-10-06","passed","2026-10-06","","","",""
"","1964","POST - cria vínculo com dados válidos","api","2026-10-06","passed","2026-10-06","","","",""
"","1970","criar condomínio com facility_ids de condomínio retorna 201","api","2026-10-06","passed","2026-10-06","","","",""
"","3802","listar arquivos filtra apenas a categoria correspondente","api","2026-10-06","passed","2026-10-06","","","",""
"","859","GET agência retorna phones com description salvo","api","2026-10-06","passed","2026-10-06","","","",""
"","14139","Cenário 4: Validar filtros de Tipo (Saídas)","e2e","2026-10-06","passed","2026-10-06","Financeiro > Dashboard","","",""
"","2194","subcondomínio não aparece na listagem geral de condomínios","api","2026-10-06","passed","2026-10-06","","","",""
"","1206","400 - criar condomínio com earthmoving_percentage acima de 1","api","2026-10-06","passed","2026-10-06","","","",""
"","1038","400 - criar condomínio sem address_street","api","2026-10-06","passed","2026-10-06","","","",""
"","13189","atualização dinâmica dos cards do dashboard de conciliação","e2e","2026-10-06","passed","2026-10-06","Financeiro > Conciliação Bancária","","",""
"","279","ordenar condomínios por name asc retorna ordem crescente","api","2026-10-06","passed","2026-10-06","","","",""
"","2958","404 - BUSCAR COM PERSON ID DE OUTRA PESSOA - não pode acessar vínculo de outra pessoa","api","2026-10-06","passed","2026-10-06","","","",""
"","336","listar blog posts com includes=file","api","2026-10-06","passed","2026-10-06","","","",""
"","36711","Cenário 6: Alteração da ordenação por data","e2e","2026-10-06","passed","2026-10-06","Financeiro > Movimentações > Ações","","",""
"","1625","listar com sort e include","api","2026-10-06","passed","2026-10-06","","","",""
"","10332","edita um grupo de permissão e valida que as alterações de permissão persistem","e2e","2026-10-06","passed","2026-10-06","Configurações > Grupos de permissão","","",""
"","3971","reordenar imagens do condomínio via PATCH altera a ordem corretamente","api","2026-10-06","passed","2026-10-06","","","",""
"","2865","PUT com not_up_to_date=true preserva imagens existentes do condomínio","api","2026-10-06","passed","2026-10-06","","","",""
"","288","cadastrar pessoa sem email ou telefone","api","2026-10-06","passed","2026-10-06","","","",""
"","1045","400 - criar condomínio com type inválido","api","2026-10-06","passed","2026-10-06","","","",""
"","5258","Cenario 03: Validação de Regime de Competência","e2e","2026-10-06","passed","2026-10-06","Financeiro > DRE - Relatórios","","",""
"","810","filtrar etiquetas por módulo retorna apenas correspondências","api","2026-10-06","passed","2026-10-06","","","",""
"","12330","Cenário 2: Navegação de página via histórico do Browser","e2e","2026-10-06","passed","2026-10-06","Financeiro > Movimentações > Paginação","","",""
"","5118","adiciona um novo grupo de permissão com sucesso","e2e","2026-10-06","passed","2026-10-06","Configurações > Grupos de permissão","","",""
"","1733","409 - criar condomínio com endereço duplicado","api","2026-10-06","passed","2026-10-06","","","",""
"","280","cadastrar pessoa sem nome","api","2026-10-06","passed","2026-10-06","","","",""
"","240","400 - includes inválido retorna erro","api","2026-10-06","passed","2026-10-06","","","",""
"","1592","404 - remover MESMO REGISTRO 2X","api","2026-10-06","passed","2026-10-06","","","",""
"","1283","criar registro de timeline","api","2026-10-06","passed","2026-10-06","","","",""
"","1495","PATCH com name duplicado de outra agência retorna erro","api","2026-10-06","passed","2026-10-06","","","",""
"","318","listar estados","api","2026-10-06","passed","2026-10-06","","","",""
"","1019","400 - criar condomínio sem launch","api","2026-10-06","passed","2026-10-06","","","",""
"","566","listar cidades","api","2026-10-06","passed","2026-10-06","","","",""
"","271","buscar blog post inexistente","api","2026-10-06","passed","2026-10-06","","","",""
"","12079","Cenário 4: Alteração de quantitativo de itens por página","e2e","2026-10-06","passed","2026-10-06","Financeiro > Movimentações > Paginação","","",""
"","855","retorna dados do criador quando solicitado via includes","api","2026-10-06","passed","2026-10-06","","","",""
"","1237","404 - operação em equipe já deletada","api","2026-10-06","passed","2026-10-06","","","",""
"","581","criar agência com todos os campos válidos","api","2026-10-06","passed","2026-10-06","","","",""
"","14739","Cenário 1: Validar filtros de período na Dashboard (Anual)","e2e","2026-10-06","passed","2026-10-06","Financeiro > Dashboard","","",""
"","220","Tenta criar lead sem chave privada","api","2026-10-06","passed","2026-10-06","","","",""
"","2353","adicionar imagem ao condomínio retorna 201 com order=0","api","2026-10-06","passed","2026-10-06","","","",""
"","1056","filtrar origens padrão do sistema retorna somente origens marcadas como default","api","2026-10-06","passed","2026-10-06","","","",""
"","304","400 - filtrar condomínios com status_id inválido","api","2026-10-06","passed","2026-10-06","","","",""
"","21704","desabilitação de desfazimento por ausência da permissão de Remover","e2e","2026-10-06","passed","2026-10-06","Financeiro > Conciliação Bancária > Permissões","","",""
"","1471","filtrar agências por search retorna apenas correspondências","api","2026-10-06","passed","2026-10-06","","","",""
"","8393","sugestão automática de correspondência por valor e janela de datas","e2e","2026-10-06","passed","2026-10-06","Financeiro > Conciliação Bancária","","",""
"","1985","409 - atualizar blog post com título já existente","api","2026-10-06","passed","2026-10-06","","","",""
"","9046","Cenário 2: Validar restrição de campos numéricos (Juros, Desconto e Multa)","e2e","2026-10-06","passed","2026-10-06","Financeiro > Movimentações","","",""
"","854","criar agência com nickname duplicado retorna erro","api","2026-10-06","passed","2026-10-06","","","",""
"","9467","confirmação e desfazimento manual de sugestão automática","e2e","2026-10-06","passed","2026-10-06","Financeiro > Conciliação Bancária","","",""
"","12918","desabilitação da ação de ignorar por ausência da permissão de Editar","e2e","2026-10-06","passed","2026-10-06","Financeiro > Conciliação Bancária > Permissões","","",""
"","11538","Cenário 5: Ir para página com valor inválido (Incoerente)","e2e","2026-10-06","passed","2026-10-06","Financeiro > Movimentações > Paginação","","",""
"","3011","PATCH - atualiza parcialmente um vínculo existente","api","2026-10-06","passed","2026-10-06","","","",""
"","1999","400 - listar blog posts com sort inválido","api","2026-10-06","passed","2026-10-06","","","",""
"","1038","400 - criar condomínio sem city_id","api","2026-10-06","passed","2026-10-06","","","",""
"","3216","exportar de Lançamentos depende de Visualizar de Lançamentos","e2e","2026-10-06","passed","2026-10-06","Configurações > Grupos de permissão","","",""
"","245","404 - PATCH com ID de condomínio inexistente","api","2026-10-06","passed","2026-10-06","","","",""
"","18921","Cenário 5: Cadastrar saída única sem documento em anexo","e2e","2026-10-06","passed","2026-10-06","Financeiro > Movimentações","","",""
"","2796","listar arquivos de condomínio - categoria blueprints","api","2026-10-06","passed","2026-10-06","","","",""
"","1023","400 - criar condomínio sem neighborhood_id","api","2026-10-06","passed","2026-10-06","","","",""
"","18585","Cenário 16: Saída deixando conta negativada exibe aviso de saldo negativo","e2e","2026-10-06","passed","2026-10-06","Financeiro > Movimentações","","",""
"","818","404 - obter membro que não existe","api","2026-10-06","passed","2026-10-06","","","",""
"","264","listar origens com paginação retorna metadados corretos","api","2026-10-06","passed","2026-10-06","","","",""
"","5365","remove um centro de custo via ícone de três pontos","e2e","2026-10-06","passed","2026-10-06","Configurações > Financeiro > Centro de custo","","",""
"","1125","400 - criar condomínio com masonry_percentage acima de 1","api","2026-10-06","passed","2026-10-06","","","",""
"","7965","Cenário 3: Limpar preenchimento de filtros antes da aplicação","e2e","2026-10-06","passed","2026-10-06","Financeiro > Movimentações > Ações","","",""
"","258","buscar agência com ID inexistente retorna 404","api","2026-10-06","passed","2026-10-06","","","",""
"","2450","409 - PATCH com endereço igual ao de outro condomínio","api","2026-10-06","passed","2026-10-06","","","",""
"","3479","desativa todos os Exportar ao desativar todos os Visualizar em massa","e2e","2026-10-06","passed","2026-10-06","Configurações > Grupos de permissão","","",""
"","351","400 - listar blog posts com includes inválido","api","2026-10-06","passed","2026-10-06","","","",""
"","1171","400 - criar condomínio com foundations_percentage acima de 1","api","2026-10-06","passed","2026-10-06","","","",""
"","954","400 - POST SEM PERSON ID NO BODY - campo person_id é obrigatório","api","2026-10-06","passed","2026-10-06","","","",""
"","1745","PUT - edição completa do condomínio atualiza dados e retorna 200","api","2026-10-06","passed","2026-10-06","","","",""
"","1390","cadastrar pessoa com uma label associa corretamente","api","2026-10-06","passed","2026-10-06","","","",""
"","5635","impede remoção de centro de custo com lançamentos vinculados","e2e","2026-10-06","passed","2026-10-06","Configurações > Financeiro > Centro de custo","","",""
"","2980","cancela o cadastro via ícone X sem salvar","e2e","2026-10-06","passed","2026-10-06","Configurações > Financeiro > Centro de custo","","",""
"","710","cria lead","api","2026-10-06","passed","2026-10-06","","","",""
"","3654","valida campos obrigatórios no cadastro de conta bancária","e2e","2026-10-06","passed","2026-10-06","Configurações > Financeiro > Contas bancárias","","",""
"","24002","cadastrar um novo trial","e2e-guest","2026-10-06","passed","2026-10-06","","","",""
"","2211","subcondomínio aparece na listagem de subcondominios do pai","api","2026-10-06","passed","2026-10-06","","","",""
"","1049","400 - POST COM PERSON ID NA BODY INVÁLIDO - person_id inexistente","api","2026-10-06","passed","2026-10-06","","","",""
"","2232","BUSCAR COM PERSON ID E RELATION ID - retorna detalhes do vínculo","api","2026-10-06","passed","2026-10-06","","","",""
"","263","listar equipes","api","2026-10-06","passed","2026-10-06","","","",""
"","1390","criar condomínio com status_id válido persiste corretamente","api","2026-10-06","passed","2026-10-06","","","",""
"","842","deletar etiqueta retorna 204 e GET subsequente retorna 404","api","2026-10-06","passed","2026-10-06","","","",""
"","1818","criar registro duplicado - aprova inserção de registros idênticos","api","2026-10-06","passed","2026-10-06","","","",""
"","245","404 - listar membros de equipe inexistente","api","2026-10-06","passed","2026-10-06","","","",""
"","912","PATCH com o mesmo name da própria agência não retorna erro","api","2026-10-06","passed","2026-10-06","","","",""
"","268","404 - atualizar etiqueta inexistente","api","2026-10-06","passed","2026-10-06","","","",""
"","93018","Fluxo completo de Contrato e Financeiro","e2e","2026-10-06","passed","2026-10-06","","","",""
"","3064","404 - operação em membro já deletado","api","2026-10-06","passed","2026-10-06","","","",""
"","905","409 - criar etiqueta com nome duplicado ignorando maiúsculas","api","2026-10-06","passed","2026-10-06","","","",""
"","309","ordenar agências por name asc retorna ordem crescente","api","2026-10-06","passed","2026-10-06","","","",""
"","349","authenticate","setup","2026-10-06","passed","2026-10-06","","","",""
"","2855","criar, ler, atualizar e remover endereço de uma pessoa","api","2026-10-06","passed","2026-10-06","","","",""
"","1515","409 - cadastrar blog post com título duplicado (case-insensitive)","api","2026-10-06","passed","2026-10-06","","","",""
"","15788","Cenário 3: Exclusão de movimentação em conciliação simples com restauração do extrato","e2e","2026-10-06","passed","2026-10-06","Financeiro > Conciliação Bancária > Movimentações Conciliadas","","",""
"","1416","criar condomínio com campos válidos retorna 201","api","2026-10-06","passed","2026-10-06","","","",""
"","5483","edita um centro de custo via ícone de três pontos","e2e","2026-10-06","passed","2026-10-06","Configurações > Financeiro > Centro de custo","","",""
"","1676","400 - criar arquivo sem file_id","api","2026-10-06","passed","2026-10-06","","","",""
"","1382","409 - atualizar para nome já existente","api","2026-10-06","passed","2026-10-06","","","",""
"","1035","400 - criar condomínio com status_id inválido","api","2026-10-06","passed","2026-10-06","","","",""
"","269","400 - criar equipe com ""name"" vazio","api","2026-10-06","passed","2026-10-06","","","",""
"","325","filtrar por nome","api","2026-10-06","passed","2026-10-06","","","",""
"","3314","switch de coluna ""Visualizar"" é desativado automaticamente quando um item é desmarcado","e2e","2026-10-06","passed","2026-10-06","Configurações > Grupos de permissão","","",""
"","1079","400 - criar condomínio com structure_percentage acima de 1","api","2026-10-06","passed","2026-10-06","","","",""
"","996","400 - associar label inexistente a uma pessoa","api","2026-10-06","passed","2026-10-06","","","",""
"","11407","Cenário 3: Navegação direta para a última página","e2e","2026-10-06","passed","2026-10-06","Financeiro > Movimentações > Paginação","","",""
"","812","filtrar pessoas por uma label sem nenhuma pessoa associada retorna lista vazia","api","2026-10-06","passed","2026-10-06","","","",""
"","246","404 - POST COM PERSON ID NA URL INVÁLIDO","api","2026-10-06","passed","2026-10-06","","","",""
"","3705","marca permissões por colunas de ação (Visualizar, Adicionar, Editar, Remover, Exportar)","e2e","2026-10-06","passed","2026-10-06","Configurações > Grupos de permissão","","",""
"","587","criar etiqueta sem referência externa mantém campo null","api","2026-10-06","passed","2026-10-06","","","",""
"","866","409 - criar etiqueta com referência externa duplicada","api","2026-10-06","passed","2026-10-06","","","",""
"","8916","reativa uma conta bancária desativada","e2e","2026-10-06","passed","2026-10-06","Configurações > Financeiro > Contas bancárias","","",""
"","1689","400 - PATCH com city_id inexistente","api","2026-10-06","passed","2026-10-06","","","",""
"","2329","PATCH mantendo os mesmos dados não retorna erro de duplicidade","api","2026-10-06","passed","2026-10-06","","","",""
"","1089","400 - criar condomínio sem name","api","2026-10-06","passed","2026-10-06","","","",""
"","23328","Cenário 11: Cancelar edição de lançamento via botão do modal","e2e","2026-10-06","passed","2026-10-06","Financeiro > Movimentações","","",""
"","258","404 - deletar etiqueta inexistente","api","2026-10-06","passed","2026-10-06","","","",""
"","2349","409 - PATCH com external_reference de outro condomínio","api","2026-10-06","passed","2026-10-06","","","",""
"","10281","Realizar transferência entre contas diferentes com documento em anexo","e2e","2026-10-06","passed","2026-10-06","Financeiro > Transferências","","",""
"","8432","Cenário 9: Validar mensagem informativa de Recorrência Mensal","e2e","2026-10-06","passed","2026-10-06","Financeiro > Movimentações","","",""
"","2199","atualizar pessoa trocando a label substitui a associação anterior","api","2026-10-06","passed","2026-10-06","","","",""
"","5937","Cenário 1: Limpar filtros aplicados com sucesso","e2e","2026-10-06","passed","2026-10-06","Financeiro > Movimentações > Ações","","",""
"","21061","Cenário 4: Desconciliação automática em cadeia na exclusão de item de agrupamento","e2e","2026-10-06","passed","2026-10-06","Financeiro > Conciliação Bancária > Movimentações Conciliadas","","",""
"","702","404 - operação em equipe inexistente","api","2026-10-06","passed","2026-10-06","","","",""
"","10607","criação de movimentação a partir do extrato com campos bloqueados","e2e","2026-10-06","passed","2026-10-06","Financeiro > Conciliação Bancária","","",""
"","2240","400 - PATCH COM PERSON ID INVÁLIDO - BODY","api","2026-10-06","passed","2026-10-06","","","",""
"","2125","listar timeline com paginação","api","2026-10-06","passed","2026-10-06","","","",""
"","941","404 - BUSCAR COM RELATION ID INVÁLIDO","api","2026-10-06","passed","2026-10-06","","","",""
"","262","ordenação padrão retorna origens em ordem crescente por nome","api","2026-10-06","passed","2026-10-06","","","",""
"","241","PATCH em agência inexistente retorna 404","api","2026-10-06","passed","2026-10-06","","","",""
"","978","404 - buscar registro com timeline_id inválido","api","2026-10-06","passed","2026-10-06","","","",""
"","3926","cancela o cadastro via botão Cancelar sem salvar","e2e","2026-10-06","passed","2026-10-06","Configurações > Financeiro > Centro de custo","","",""
"","1031","400 - criar condomínio sem latitude e sem longitude","api","2026-10-06","passed","2026-10-06","","","",""
"","12186","agrupamento de lançamentos no mesmo mês com intervalo padrão de datas","e2e","2026-10-06","passed","2026-10-06","Financeiro > Conciliação Bancária","","",""
"","241","404 - deletar condomínio inexistente","api","2026-10-06","passed","2026-10-06","","","",""
"","1710","404 - PATCH em arquivo de condomínio inexistente","api","2026-10-06","passed","2026-10-06","","","",""
"","5747","cadastra uma conta bancária e remove via API","e2e","2026-10-06","passed","2026-10-06","Configurações > Financeiro > Contas bancárias","","",""
"","857","deletar agência retorna 204 e GET subsequente retorna 404","api","2026-10-06","passed","2026-10-06","","","",""
"","1160","400 - criar condomínio com landscaping_percentage acima de 1","api","2026-10-06","passed","2026-10-06","","","",""
"","979","400 - criar registro com type inválido","api","2026-10-06","passed","2026-10-06","","","",""
"","4736","cadastrar, ler, atualizar e remover blog post","api","2026-10-06","passed","2026-10-06","","","",""
"","1347","filtrar origens por nome retorna apenas correspondências","api","2026-10-06","passed","2026-10-06","","","",""
"","7023","Cenário 8: Validar fluxo de notificações (toasts) na exportação","e2e","2026-10-06","passed","2026-10-06","Financeiro > Movimentações > Ações","","",""
"","1724","PATCH - atualiza condomínio com payload completo","api","2026-10-06","passed","2026-10-06","","","",""
"","715","filtrar facilidades por condominium=true retorna apenas facilidades de condomínio","api","2026-10-06","passed","2026-10-06","","","",""
"","12558","desabilitação de ações por ausência da permissão de Adicionar","e2e","2026-10-06","passed","2026-10-06","Financeiro > Conciliação Bancária > Permissões","","",""
"","1691","PATCH - atualiza nome do condomínio","api","2026-10-06","passed","2026-10-06","","","",""
"","9550","importação com sucesso de arquivo de extrato bancário válido","e2e","2026-10-06","passed","2026-10-06","Financeiro > Conciliação Bancária > Importação OFX","","",""
"","270","400 - criar etiqueta com cor inválida","api","2026-10-06","passed","2026-10-06","","","",""
"","963","400 - criar registro com type = approved - tipo não permitido para pessoa","api","2026-10-06","passed","2026-10-06","","","",""
"","1500","buscar pessoa por ID retorna as labels associadas","api","2026-10-06","passed","2026-10-06","","","",""
"","258","400 - criar condomínio com body vazio","api","2026-10-06","passed","2026-10-06","","","",""
"","667","cadastrar pessoa sem labels retorna array vazio","api","2026-10-06","passed","2026-10-06","","","",""
"","4660","deletar arquivo do meio reordena os demais arquivos da categoria","api","2026-10-06","passed","2026-10-06","","","",""
"","8012","restrição de limite máximo de 3 meses no filtro de Intervalo Personalizado","e2e","2026-10-06","passed","2026-10-06","Financeiro > Conciliação Bancária","","",""
"","1283","criar registro com type = shared_note","api","2026-10-06","passed","2026-10-06","","","",""
"","6526","remove um grupo de permissão via ícone de três pontos","e2e","2026-10-06","passed","2026-10-06","Configurações > Grupos de permissão","","",""
"","3893","Cenario 02: Filtro condicional de agrupamentos por tipo de conta(saida)","e2e","2026-10-06","passed","2026-10-06","Financeiro > Plano de Contas","","",""
"","1423","400 - criar condomínio com city_id de outro estado","api","2026-10-06","passed","2026-10-06","","","",""
"","6233","Cenario 04: Validação de persistência do campo opcional","e2e","2026-10-06","passed","2026-10-06","Financeiro > Plano de Contas","","",""
"","11000","Cenario de exportação csv","e2e","2026-10-06","passed","2026-10-06","Financeiro > DRE - Relatórios","","",""
"","13346","usuário sem permissão não pode lançar transações; admin pode como exceção","e2e","2026-10-06","passed","2026-10-06","Configurações > Grupos de permissão","","",""
"","14298","Cenário 3: Validar filtros de Tipo (Entradas)","e2e","2026-10-06","passed","2026-10-06","Financeiro > Dashboard","","",""
"","1075","400 - criar condomínio sem address_number","api","2026-10-06","passed","2026-10-06","","","",""
"","257","404 - DELETE em blog post inexistente","api","2026-10-06","passed","2026-10-06","","","",""
"","960","404 - DELETA COM VINCULO ID INVÁLIDO","api","2026-10-06","passed","2026-10-06","","","",""
"","1574","buscar registro de timeline","api","2026-10-06","passed","2026-10-06","","","",""
"","1057","400 - criar condomínio sem highlight","api","2026-10-06","passed","2026-10-06","","","",""
"","253","listar etiquetas","api","2026-10-06","passed","2026-10-06","","","",""
"","4931","adiciona um novo centro de custo com sucesso","e2e","2026-10-06","passed","2026-10-06","Configurações > Financeiro > Centro de custo","","",""
"","605","listar facilidades com sort=name:asc retorna 200","api","2026-10-06","passed","2026-10-06","","","",""
"","677","400 - cadastrar blog post sem campo ""highlight""","api","2026-10-06","passed","2026-10-06","","","",""
"","869","criar agência com external_reference duplicada retorna erro","api","2026-10-06","passed","2026-10-06","","","",""
"","2583","409 - adicionar a mesma imagem duas vezes ao condomínio","api","2026-10-06","passed","2026-10-06","","","",""
"","984","LISTAR - lista todos os vínculos de uma pessoa","api","2026-10-06","passed","2026-10-06","","","",""
"","1618","400 - criar condomínio com facility não habilitada para condomínio","api","2026-10-06","passed","2026-10-06","","","",""
"","769","listar blog posts ordenados por available_at","api","2026-10-06","passed","2026-10-06","","","",""
"","1019","400 - criar condomínio sem state_id","api","2026-10-06","passed","2026-10-06","","","",""
"","2316","DELETE - remove vínculo e retorna 204","api","2026-10-06","passed","2026-10-06","","","",""
"","349","listar blog posts com includes=created_by,updated_by","api","2026-10-06","passed","2026-10-06","","","",""
"","1636","atualizar pessoa sem enviar labels mantém as associações existentes","api","2026-10-06","passed","2026-10-06","","","",""
"","953","listar timeline","api","2026-10-06","passed","2026-10-06","","","",""
"","248","404 - LISTAR COM ID INVÁLIDO - ID de pessoa inexistente","api","2026-10-06","passed","2026-10-06","","","",""
"","6025","Cenário 5: Navegação via Breadcrumbs","e2e","2026-10-06","passed","2026-10-06","Financeiro > Movimentações > Ações","","",""
"","801","409 - criar equipe com ""external_reference"" duplicada","api","2026-10-06","passed","2026-10-06","","","",""
"","2653","listar blog posts com sort=available_at:desc","api","2026-10-06","passed","2026-10-06","","","",""
"","2204","vínculo deletado não aparece na listagem","api","2026-10-06","passed","2026-10-06","","","",""
"","599","404 - PUT em blog post inexistente","api","2026-10-06","passed","2026-10-06","","","",""
"","1530","cadastrar, ler, atualizar e remover pessoa jurídica","api","2026-10-06","passed","2026-10-06","","","",""
"","12156","descarte automático de lançamentos duplicados na reimportação","e2e","2026-10-06","passed","2026-10-06","Financeiro > Conciliação Bancária > Importação OFX","","",""
"","1012","400 - criar condomínio raiz sem o campo closed","api","2026-10-06","passed","2026-10-06","","","",""
"","21044","Cenário 1: Cadastrar entrada única com documento em anexo","e2e","2026-10-06","passed","2026-10-06","Financeiro > Movimentações","","",""
"","867","criar agência com nome duplicado retorna erro","api","2026-10-06","passed","2026-10-06","","","",""
"","294","filtrar por uf","api","2026-10-06","passed","2026-10-06","","","",""
"","7586","reativa um centro de custo desativado","e2e","2026-10-06","passed","2026-10-06","Configurações > Financeiro > Centro de custo","","",""
"","812","atualizar origem existente retorna 200 e os dados atualizados","api","2026-10-06","passed","2026-10-06","","","",""
"","953","404 - remover registro com timeline_id inválido","api","2026-10-06","passed","2026-10-06","","","",""
"","342","filtrar por estado","api","2026-10-06","passed","2026-10-06","","","",""
"","258","400 - criar equipe sem campo ""name"" (obrigatório)","api","2026-10-06","passed","2026-10-06","","","",""
"","279","400 - listar condomínios com includes inválido","api","2026-10-06","passed","2026-10-06","","","",""
"","248","400 - criar origem sem nome retorna erro de validação","api","2026-10-06","passed","2026-10-06","","","",""
"","9250","edita nome e permissão de grupo via ícone de três pontos e valida persistência","e2e","2026-10-06","passed","2026-10-06","Configurações > Grupos de permissão","","",""
"","254","400 - criar equipe com ""name"" null","api","2026-10-06","passed","2026-10-06","","","",""
"","2288","404 - PATCH COM PERSON ID INVÁLIDO - URL","api","2026-10-06","passed","2026-10-06","","","",""
"","281","400 - listar blog posts com formato de sort inválido (+campo)","api","2026-10-06","passed","2026-10-06","","","",""
"","8461","Impedir transferência para a mesma conta","e2e","2026-10-06","passed","2026-10-06","Financeiro > Transferências","","",""
"","1793","409 - criar condomínio com external_reference duplicada","api","2026-10-06","passed","2026-10-06","","","",""
"","1133","400 - criar condomínio com project_percentage acima de 1","api","2026-10-06","passed","2026-10-06","","","",""
"","249","400 - criar etiqueta sem módulos","api","2026-10-06","passed","2026-10-06","","","",""
"","966","400 - listar timeline com paginação inválida","api","2026-10-06","passed","2026-10-06","","","",""
"","1954","criar subcondomínio vinculado ao pai retorna 201","api","2026-10-06","passed","2026-10-06","","","",""
"","1789","filtrar condomínios por type=vertical retorna apenas condomínios verticais","api","2026-10-06","passed","2026-10-06","","","",""
"","251","404 - buscar condomínio com ID inexistente","api","2026-10-06","passed","2026-10-06","","","",""
"","5862","desativa um centro de custo via ícone de três pontos","e2e","2026-10-06","passed","2026-10-06","Configurações > Financeiro > Centro de custo","","",""
"","393","filtrar por nome","api","2026-10-06","passed","2026-10-06","","","",""
"","6878","listar arquivos de condomínio - categoria videos","api","2026-10-06","passed","2026-10-06","","","",""
"","37060","Cenário 4: Aplicar filtros e validar resultados e barra superior","e2e","2026-10-06","passed","2026-10-06","Financeiro > Movimentações > Ações","","",""
"","1129","400 - criar condomínio com installations_percentage acima de 1","api","2026-10-06","passed","2026-10-06","","","",""
"","3563","listar condomínios retorna 200 com itens paginados","api","2026-10-06","passed","2026-10-06","","","",""
"","435","listar bairros","api","2026-10-06","passed","2026-10-06","","","",""
"","8849","descarte de lançamento do extrato via ação Ignorar","e2e","2026-10-06","passed","2026-10-06","Financeiro > Conciliação Bancária","","",""
"","1004","listar endereços de uma pessoa recem criada","api","2026-10-06","passed","2026-10-06","","","",""
"","1535","registro deletado não aparece na listagem","api","2026-10-06","passed","2026-10-06","","","",""
"","1609","400 - PATCH com state_id inexistente","api","2026-10-06","passed","2026-10-06","","","",""
"","577","criar etiqueta com todos os campos válidos","api","2026-10-06","passed","2026-10-06","","","",""
"","1057","400 - criar condomínio sem longitude","api","2026-10-06","passed","2026-10-06","","","",""
"","1047","criar condomínio com cover_image_file_id inexistente retorna 400","api","2026-10-06","passed","2026-10-06","","","",""
"","1776","PATCH com o mesmo nome do próprio condomínio não retorna erro","api","2026-10-06","passed","2026-10-06","","","",""
"","2622","deletar imagem do condomínio retorna 204 e remove da listagem","api","2026-10-06","passed","2026-10-06","","","",""
"","912","PATCH phones com array vazio limpa os telefones","api","2026-10-06","passed","2026-10-06","","","",""
"","943","404 - PATCH COM VINCULO ID INVÁLIDO","api","2026-10-06","passed","2026-10-06","","","",""
"","1001","404 - PUT com ID de condomínio inexistente","api","2026-10-06","passed","2026-10-06","","","",""
"","5745","impede remoção de conta com lançamentos vinculados","e2e","2026-10-06","passed","2026-10-06","Configurações > Financeiro > Contas bancárias","","",""
"","8173","filtrar condomínios por search retorna resultados que contêm o termo","api","2026-10-06","passed","2026-10-06","","","",""
"","4975","deletar primeira imagem decrementa order das imagens subsequentes","api","2026-10-06","passed","2026-10-06","","","",""
"","3579","listar relacionamentos com paginação e sort","api","2026-10-06","passed","2026-10-06","","","",""
"","1910","filtrar condomínios por external_reference retorna match exato","api","2026-10-06","passed","2026-10-06","","","",""
"","18236","reimportação de lançamento anteriormente marcado como ignorado","e2e","2026-10-06","passed","2026-10-06","Financeiro > Conciliação Bancária > Importação OFX","","",""
"","697","400 - cadastrar blog post sem campo ""post""","api","2026-10-06","passed","2026-10-06","","","",""
"","3850","valida os tipos de conta disponíveis no select","e2e","2026-10-06","passed","2026-10-06","Configurações > Financeiro > Contas bancárias","","",""
"","14473","Cenário 6: Validar filtro de Contas Atrasadas (A pagar)","e2e","2026-10-06","passed","2026-10-06","Financeiro > Dashboard","","",""
"","862","buscar etiqueta por ID retorna dados corretos","api","2026-10-06","passed","2026-10-06","","","",""
"","9591","bloqueio de conciliação agrupada com diferença de valores","e2e","2026-10-06","passed","2026-10-06","Financeiro > Conciliação Bancária","","",""
"","940","400 - sort inválido","api","2026-10-06","passed","2026-10-06","","","",""
"","460","authenticate lite","setup","2026-10-06","passed","2026-10-06","","","",""
"","265","ordenar etiquetas por nome asc retorna ordem crescente","api","2026-10-06","passed","2026-10-06","","","",""
"","2490","filtrar condomínios por highlight=true retorna apenas condomínios com highlight true","api","2026-10-06","passed","2026-10-06","","","",""
"","30596","Validar registros gerados na lista de lançamentos","e2e","2026-10-06","passed","2026-10-06","Financeiro > Transferências","","",""
"","20666","Cenário 14: Cancelar remoção de entrada via botão","e2e","2026-10-06","passed","2026-10-06","Financeiro > Movimentações","","",""
"","19275","Cenário 7: Exibição de Tooltip informativo (Data)","e2e","2026-10-06","passed","2026-10-06","Financeiro > Movimentações > Ações","","",""
"","4246","Cenario 01: Filtro condicional de agrupamentos por tipo de conta(entrada)","e2e","2026-10-06","passed","2026-10-06","Financeiro > Plano de Contas","","",""
"","290","listar pessoas","api","2026-10-06","passed","2026-10-06","","","",""
"","1490","404 - remover registro com person_id inválido","api","2026-10-06","passed","2026-10-06","","","",""
"","301","busca sem resultados retorna items vazio","api","2026-10-06","passed","2026-10-06","","","",""
"","1659","buscar condomínio por ID retorna dados corretos","api","2026-10-06","passed","2026-10-06","","","",""
"","3412","exibe os campos do formulário de cadastro de conta bancária","e2e","2026-10-06","passed","2026-10-06","Configurações > Financeiro > Contas bancárias","","",""
"","280","ordenar condomínios por name desc retorna ordem decrescente","api","2026-10-06","passed","2026-10-06","","","",""
"","796","409 - criar equipe com nome duplicado (case-insensitive)","api","2026-10-06","passed","2026-10-06","","","",""
"","7271","desativa uma conta bancária","e2e","2026-10-06","passed","2026-10-06","Configurações > Financeiro > Contas bancárias","","",""
"","822","atualização parcial de origem mantém campos não enviados inalterados","api","2026-10-06","passed","2026-10-06","","","",""
"","281","400 - listar condomínios com sort inválido","api","2026-10-06","passed","2026-10-06","","","",""
"","4059","listar arquivos de condomínio - categoria tours","api","2026-10-06","passed","2026-10-06","","","",""
"","7835","remove uma conta bancária","e2e","2026-10-06","passed","2026-10-06","Configurações > Financeiro > Contas bancárias","","",""
"","843","criar origem com nome duplicado é rejeitado pela API","api","2026-10-06","passed","2026-10-06","","","",""
"","841","409 - criar etiqueta com nome duplicado","api","2026-10-06","passed","2026-10-06","","","",""
"","250","404 - buscar etiqueta com ID inexistente","api","2026-10-06","passed","2026-10-06","","","",""
"","876","filtrar agência por nome exato","api","2026-10-06","passed","2026-10-06","","","",""
"","22081","Edição de mapeamentos confirmados e validação de filtros","e2e","2026-10-06","passed","2026-10-06","Configuração > Financeiro > Mapeamento planos de contas","","",""
"","534","listar blog posts","api","2026-10-06","passed","2026-10-06","","","",""
"","2314","409 - PATCH COM AUTO RELACIONAMENTO - impede edição que resulte em auto-relacionamento","api","2026-10-06","passed","2026-10-06","","","",""
"","5186","loga na aplicação","e2e-guest","2026-10-06","passed","2026-10-06","","","",""
"","2859","listar blog posts filtrando por search","api","2026-10-06","passed","2026-10-06","","","",""
"","11461","Cenário 2: Identificação visual de movimentações conciliadas na listagem e detalhes","e2e","2026-10-06","passed","2026-10-06","Financeiro > Conciliação Bancária > Movimentações Conciliadas","","",""
"","1403","200 - PATCH com o mesmo título do próprio post não é duplicata","api","2026-10-06","passed","2026-10-06","","","",""
"","15141","Adição manual de mapeamento e travas do formulário","e2e","2026-10-06","passed","2026-10-06","Configuração > Financeiro > Mapeamento planos de contas","","",""
"","816","400 - cadastrar blog post com ""available_at"" inválido","api","2026-10-06","passed","2026-10-06","","","",""
"","9984","Realizar transferência entre contas diferentes sem documento em anexo","e2e","2026-10-06","passed","2026-10-06","Financeiro > Transferências","","",""
"","1045","400 - criar condomínio sem address_zipcode","api","2026-10-06","passed","2026-10-06","","","",""
"","1633","PATCH - address_zipcode com traço não é permitido","api","2026-10-06","passed","2026-10-06","","","",""
"","954","cadastrar pessoa física com email já existente","api","2026-10-06","passed","2026-10-06","","","",""
"","250","deletar agência inexistente retorna 404","api","2026-10-06","passed","2026-10-06","","","",""
"","1647","400 - PATCH com neighborhood_id inexistente","api","2026-10-06","passed","2026-10-06","","","",""
"","1641","404 - deletar imagem com ID inexistente do condomínio","api","2026-10-06","passed","2026-10-06","","","",""
"","1747","buscar condomínio com includes retorna objetos relacionados e nome correto","api","2026-10-06","passed","2026-10-06","","","",""
"","14184","Cenário 5: Validar filtro de Contas Atrasadas (A Receber)","e2e","2026-10-06","passed","2026-10-06","Financeiro > Dashboard","","",""
"","700","listar facilidades retorna 200 com itens com id e nome","api","2026-10-06","passed","2026-10-06","","","",""
"","888","PATCH emails substitui o array completo","api","2026-10-06","passed","2026-10-06","","","",""
"","1697","400 - POST COM TYPE INVÁLIDO - tipo fora do enumerador","api","2026-10-06","passed","2026-10-06","","","",""
"","250","400 - listar facilidades com sort inválido","api","2026-10-06","passed","2026-10-06","","","",""
"","910","atualizar todos os campos da etiqueta","api","2026-10-06","passed","2026-10-06","","","",""
"","255","filtrar condomínios por status_id válido retorna 200","api","2026-10-06","passed","2026-10-06","","","",""
"","17077","Cenário 6: Cadastrar saída parcelada sem documento em anexo","e2e","2026-10-06","passed","2026-10-06","Financeiro > Movimentações","","",""
"","8432","Cenário 8: Valida restrição de caracteres nos campos de Parcelas e Financeiros","e2e","2026-10-06","passed","2026-10-06","Financeiro > Movimentações","","",""
"","4193","criar múltiplos arquivos incrementa a ordem corretamente (0, 1, 2)","api","2026-10-06","passed","2026-10-06","","","",""
"","1508","criar condomínio com type=horizontal retorna 201","api","2026-10-06","passed","2026-10-06","","","",""
"","1590","deletar condomínio retorna 204 e GET subsequente retorna 404","api","2026-10-06","passed","2026-10-06","","","",""
"","2247","400 - adicionar membro sem campo ""role"" (obrigatório)","api","2026-10-06","passed","2026-10-06","","","",""
"","3686","409 - PATCH COM PERSON ID JÁ VINCULADO - impede duplicidade na edição","api","2026-10-06","passed","2026-10-06","","","",""
"","980","400 - criar registro sem text","api","2026-10-06","passed","2026-10-06","","","",""
"","4527","cancela o cadastro de conta bancária sem salvar","e2e","2026-10-06","passed","2026-10-06","Configurações > Financeiro > Contas bancárias","","",""
"","22664","Cenário 13: Salvar edição de lançamento com sucesso","e2e","2026-10-06","passed","2026-10-06","Financeiro > Movimentações","","",""
"","1049","filtrar origens por status ativo retorna somente origens com esse status","api","2026-10-06","passed","2026-10-06","","","",""
"","251","400 - criar etiqueta com módulo inválido","api","2026-10-06","passed","2026-10-06","","","",""
"","2290","PATCH parcial com apenas type mantém o person_id atual","api","2026-10-06","passed","2026-10-06","","","",""
"","1033","400 - criar subcondomínio com condominium_related_id inválido","api","2026-10-06","passed","2026-10-06","","","",""
"","6900","Cenário 9: Validar fluxo de notificações na exportação, impedindo a exportação sem filtro de data","e2e","2026-10-06","passed","2026-10-06","Financeiro > Movimentações > Ações","","",""
"","19909","Cenário 4: Cadastrar saída única com documento em anexo","e2e","2026-10-06","passed","2026-10-06","Financeiro > Movimentações","","",""
"","2272","404 - buscar registro de outra person_id","api","2026-10-06","passed","2026-10-06","","","",""
"","282","cadastrar blog post com image_file_id inválido","api","2026-10-06","passed","2026-10-06","","","",""
"","7612","edita uma conta bancária","e2e","2026-10-06","passed","2026-10-06","Configurações > Financeiro > Contas bancárias","","",""
"","327","listar blog posts com paginação","api","2026-10-06","passed","2026-10-06","","","",""
"","1151","listar blog posts com sort=available_at:asc","api","2026-10-06","passed","2026-10-06","","","",""
"","2292","deletar condomínio pai que possui subcondomínios retorna 204","api","2026-10-06","passed","2026-10-06","","","",""
"","529","filtrar origens por tipo de vínculo retorna somente origens com esse related_type","api","2026-10-06","passed","2026-10-06","","","",""
"","970","PATCH sem emails/phones preserva os valores existentes","api","2026-10-06","passed","2026-10-06","","","",""
"","880","PATCH phones substitui o array completo","api","2026-10-06","passed","2026-10-06","","","",""
"","1383","cadastrar, ler, atualizar e remover equipe","api","2026-10-06","passed","2026-10-06","","","",""
"","1851","listar arquivos de condomínio - categoria files","api","2026-10-06","passed","2026-10-06","","","",""
"","266","400 - cadastrar blog post sem campo ""image_file_id""","api","2026-10-06","passed","2026-10-06","","","",""
"","1198","404 - GET após DELETE confirma soft delete","api","2026-10-06","passed","2026-10-06","","","",""
"","1694","400 - POST SEM TYPE - campo type é obrigatório","api","2026-10-06","passed","2026-10-06","","","",""
"","672","400 - cadastrar blog post sem campo ""title""","api","2026-10-06","passed","2026-10-06","","","",""
"","1617","atualizar pessoa com labels vazio remove todas as associações","api","2026-10-06","passed","2026-10-06","","","",""
"","2208","400 - PATCH COM TYPE INVÁLIDO","api","2026-10-06","passed","2026-10-06","","","",""
"","2668","listar arquivos de condomínio - categoria images","api","2026-10-06","passed","2026-10-06","","","",""
"","1046","desativar origem altera active para false e a remove do filtro ativo","api","2026-10-06","passed","2026-10-06","","","",""
"","1095","400 - criar condomínio com percentual negativo","api","2026-10-06","passed","2026-10-06","","","",""
"","2333","409 - POST DUPLICADO - impede criação de vínculo idêntico","api","2026-10-06","passed","2026-10-06","","","",""
"","9224","desempate para múltiplas movimentações elegíveis por data mais antiga","e2e","2026-10-06","passed","2026-10-06","Financeiro > Conciliação Bancária","","",""
"","6801","Cenario 05: Validação visual de categoria já vinculada","e2e","2026-10-06","passed","2026-10-06","Financeiro > Plano de Contas","","",""
"","291","400 - criar etiqueta sem nome","api","2026-10-06","passed","2026-10-06","","","",""
"","967","400 - criar registro com body vazio","api","2026-10-06","passed","2026-10-06","","","",""
"","1002","400 - criar registro sem type","api","2026-10-06","passed","2026-10-06","","","",""
"","614","cadastrar blog post inválido","api","2026-10-06","passed","2026-10-06","","","",""
"","669","400 - cadastrar blog post sem campo ""available_at""","api","2026-10-06","passed","2026-10-06","","","",""
"","4450","Cenario 01: Exibição de Empty State ao acessar a tela","e2e","2026-10-06","passed","2026-10-06","Financeiro > DRE - Relatórios","","",""
"","11355","usuário vinculado a grupo com apenas ""visualizar lançamentos"" não consegue adicionar lançamento","e2e","2026-10-06","passed","2026-10-06","Configurações > Grupos de permissão","","",""
"","1572","404 - adicionar membro em equipe inexistente","api","2026-10-06","passed","2026-10-06","","","",""
"","1618","remover registro de timeline - retorna 204","api","2026-10-06","passed","2026-10-06","","","",""
"","248","400 - ordenar etiquetas por campo inválido","api","2026-10-06","passed","2026-10-06","","","",""
"","5567","Cenario 02: Bloqueio do botão de exportação por falta de contexto financeiro","e2e","2026-10-06","passed","2026-10-06","Financeiro > DRE - Relatórios","","",""
"","233","Tenta criar lead sem telefone e email - aguarda erro 400","api","2026-10-06","passed","2026-10-06","","","",""
"","9189","bloqueio de acesso por ausência da permissão de Visualizar","e2e","2026-10-06","passed","2026-10-06","Financeiro > Conciliação Bancária > Permissões","","",""
"","2190","404 - DELETA COM PERSON ID INVÁLIDO","api","2026-10-06","passed","2026-10-06","","","",""
"","12037","Cenário 1: Navegação básica entre páginas pelos numerais e setas","e2e","2026-10-06","passed","2026-10-06","Financeiro > Movimentações > Paginação","","",""
"","2338","404 - DELETE VÍNCULO JÁ DELETADO","api","2026-10-06","passed","2026-10-06","","","",""
