"BROKEN","EPIC","FAILED","FEATURE","PASSED","SKIPPED","STORY","UNKNOWN"
"0","CRM","75","API","0","0","Condomínios","0"
"0","CRM","11","API","0","0","Equipes","0"
"0","CRM","9","API","0","0","Arquivos de Condomínio","0"
"0","","75","","0","0","","0"
"0","CRM","7","API","0","0","Endereços","0"
"0","CRM","8","API","0","0","Membros de Equipe","0"
"0","CRM","25","API","0","0","Etiquetas","0"
"0","CRM","17","API","0","0","Blog Posts","0"
"0","CRM","23","API","0","0","Agências","0"
"0","CRM","12","API","1","0","Origens","0"
"0","CRM","6","API","0","0","Pessoas","0"
"0","CRM","8","API","0","0","Etiquetas de Pessoas","0"
"0","CRM","0","API","3","0","Leads","0"
"0","CRM","2","API","0","0","Timeline de Pessoas","0"
"0","CRM","2","API","0","0","Conexões de Pessoas","0"
"0","CRM","0","Autenticação","2","0","Setup","0"
